Workbook

Sheet Buscador
A1: BUSCADOR DE EQUIVALENCIAS | MONCAR
A2: Escribe el codigo en la celda amarilla. Las equivalencias aparecen automaticamente.
A4: CODIGO A BUSCAR: | B4: CE 045 | C4: Ej: CF 001 | CF 055 | CF 751 | CE 044
A6: =IF($B$4="","Escribe un codigo en la celda amarilla.",IF(IFERROR(VLOOKUP($B$4,'Lista de Precios'!$A:$A,1,0),"")="","CODIGO NO ENCONTRADO en la lista de precios.",IF(IFERROR(VLOOKUP($B$4,'Tabla Equiv'!$A:$A,1,0),"")="","Este codigo NO tiene equivalencias.",""))) -> Este codigo NO tiene equivalencias.
A7: COD. EQUIVALENTE | B7: TERMINAL | C7: ESP | D7: ANCH | E7: LARG | F7: MARCA | G7: MODELOS Y APLICACIONES | H7: PRECIO UNIT
A8: =IFERROR(VLOOKUP($B$4,'Tabla Equiv'!$A:$I,2,0),"") | B8: =IF($A8="","",IFERROR(VLOOKUP($A8,'Lista de Precios'!$A:$H,2,0),"")) | C8: =IF($A8="","",IFERROR(VLOOKUP($A8,'Lista de Precios'!$A:$H,3,0),"")) | D8: =IF($A8="","",IFERROR(VLOOKUP($A8,'Lista de Precios'!$A:$H,4,0),"")) | E8: =IF($A8="","",IFERROR(VLOOKUP($A8,'Lista de Precios'!$A:$H,5,0),"")) | F8: =IF($A8="","",IFERROR(VLOOKUP($A8,'Lista de Precios'!$A:$H,6,0),"")) | G8: =IF($A8="","",IFERROR(VLOOKUP($A8,'Lista de Precios'!$A:$H,7,0),"")) | H8: =IF($A8="","",IFERROR(VLOOKUP($A8,'Lista de Precios'!$A:$H,8,0),""))
A9: =IFERROR(VLOOKUP($B$4,'Tabla Equiv'!$A:$I,3,0),"") | B9: =IF($A9="","",IFERROR(VLOOKUP($A9,'Lista de Precios'!$A:$H,2,0),"")) | C9: =IF($A9="","",IFERROR(VLOOKUP($A9,'Lista de Precios'!$A:$H,3,0),"")) | D9: =IF($A9="","",IFERROR(VLOOKUP($A9,'Lista de Precios'!$A:$H,4,0),"")) | E9: =IF($A9="","",IFERROR(VLOOKUP($A9,'Lista de Precios'!$A:$H,5,0),"")) | F9: =IF($A9="","",IFERROR(VLOOKUP($A9,'Lista de Precios'!$A:$H,6,0),"")) | G9: =IF($A9="","",IFERROR(VLOOKUP($A9,'Lista de Precios'!$A:$H,7,0),"")) | H9: =IF($A9="","",IFERROR(VLOOKUP($A9,'Lista de Precios'!$A:$H,8,0),""))
A10: =IFERROR(VLOOKUP($B$4,'Tabla Equiv'!$A:$I,4,0),"") | B10: =IF($A10="","",IFERROR(VLOOKUP($A10,'Lista de Precios'!$A:$H,2,0),"")) | C10: =IF($A10="","",IFERROR(VLOOKUP($A10,'Lista de Precios'!$A:$H,3,0),"")) | D10: =IF($A10="","",IFERROR(VLOOKUP($A10,'Lista de Precios'!$A:$H,4,0),"")) | E10: =IF($A10="","",IFERROR(VLOOKUP($A10,'Lista de Precios'!$A:$H,5,0),"")) | F10: =IF($A10="","",IFERROR(VLOOKUP($A10,'Lista de Precios'!$A:$H,6,0),"")) | G10: =IF($A10="","",IFERROR(VLOOKUP($A10,'Lista de Precios'!$A:$H,7,0),"")) | H10: =IF($A10="","",IFERROR(VLOOKUP($A10,'Lista de Precios'!$A:$H,8,0),""))
A11: =IFERROR(VLOOKUP($B$4,'Tabla Equiv'!$A:$I,5,0),"") | B11: =IF($A11="","",IFERROR(VLOOKUP($A11,'Lista de Precios'!$A:$H,2,0),"")) | C11: =IF($A11="","",IFERROR(VLOOKUP($A11,'Lista de Precios'!$A:$H,3,0),"")) | D11: =IF($A11="","",IFERROR(VLOOKUP($A11,'Lista de Precios'!$A:$H,4,0),"")) | E11: =IF($A11="","",IFERROR(VLOOKUP($A11,'Lista de Precios'!$A:$H,5,0),"")) | F11: =IF($A11="","",IFERROR(VLOOKUP($A11,'Lista de Precios'!$A:$H,6,0),"")) | G11: =IF($A11="","",IFERROR(VLOOKUP($A11,'Lista de Precios'!$A:$H,7,0),"")) | H11: =IF($A11="","",IFERROR(VLOOKUP($A11,'Lista de Precios'!$A:$H,8,0),""))
A12: =IFERROR(VLOOKUP($B$4,'Tabla Equiv'!$A:$I,6,0),"") | B12: =IF($A12="","",IFERROR(VLOOKUP($A12,'Lista de Precios'!$A:$H,2,0),"")) | C12: =IF($A12="","",IFERROR(VLOOKUP($A12,'Lista de Precios'!$A:$H,3,0),"")) | D12: =IF($A12="","",IFERROR(VLOOKUP($A12,'Lista de Precios'!$A:$H,4,0),"")) | E12: =IF($A12="","",IFERROR(VLOOKUP($A12,'Lista de Precios'!$A:$H,5,0),"")) | F12: =IF($A12="","",IFERROR(VLOOKUP($A12,'Lista de Precios'!$A:$H,6,0),"")) | G12: =IF($A12="","",IFERROR(VLOOKUP($A12,'Lista de Precios'!$A:$H,7,0),"")) | H12: =IF($A12="","",IFERROR(VLOOKUP($A12,'Lista de Precios'!$A:$H,8,0),""))
A13: =IFERROR(VLOOKUP($B$4,'Tabla Equiv'!$A:$I,7,0),"") | B13: =IF($A13="","",IFERROR(VLOOKUP($A13,'Lista de Precios'!$A:$H,2,0),"")) | C13: =IF($A13="","",IFERROR(VLOOKUP($A13,'Lista de Precios'!$A:$H,3,0),"")) | D13: =IF($A13="","",IFERROR(VLOOKUP($A13,'Lista de Precios'!$A:$H,4,0),"")) | E13: =IF($A13="","",IFERROR(VLOOKUP($A13,'Lista de Precios'!$A:$H,5,0),"")) | F13: =IF($A13="","",IFERROR(VLOOKUP($A13,'Lista de Precios'!$A:$H,6,0),"")) | G13: =IF($A13="","",IFERROR(VLOOKUP($A13,'Lista de Precios'!$A:$H,7,0),"")) | H13: =IF($A13="","",IFERROR(VLOOKUP($A13,'Lista de Precios'!$A:$H,8,0),""))
A14: =IFERROR(VLOOKUP($B$4,'Tabla Equiv'!$A:$I,8,0),"") | B14: =IF($A14="","",IFERROR(VLOOKUP($A14,'Lista de Precios'!$A:$H,2,0),"")) | C14: =IF($A14="","",IFERROR(VLOOKUP($A14,'Lista de Precios'!$A:$H,3,0),"")) | D14: =IF($A14="","",IFERROR(VLOOKUP($A14,'Lista de Precios'!$A:$H,4,0),"")) | E14: =IF($A14="","",IFERROR(VLOOKUP($A14,'Lista de Precios'!$A:$H,5,0),"")) | F14: =IF($A14="","",IFERROR(VLOOKUP($A14,'Lista de Precios'!$A:$H,6,0),"")) | G14: =IF($A14="","",IFERROR(VLOOKUP($A14,'Lista de Precios'!$A:$H,7,0),"")) | H14: =IF($A14="","",IFERROR(VLOOKUP($A14,'Lista de Precios'!$A:$H,8,0),""))
A15: =IFERROR(VLOOKUP($B$4,'Tabla Equiv'!$A:$I,9,0),"") | B15: =IF($A15="","",IFERROR(VLOOKUP($A15,'Lista de Precios'!$A:$H,2,0),"")) | C15: =IF($A15="","",IFERROR(VLOOKUP($A15,'Lista de Precios'!$A:$H,3,0),"")) | D15: =IF($A15="","",IFERROR(VLOOKUP($A15,'Lista de Precios'!$A:$H,4,0),"")) | E15: =IF($A15="","",IFERROR(VLOOKUP($A15,'Lista de Precios'!$A:$H,5,0),"")) | F15: =IF($A15="","",IFERROR(VLOOKUP($A15,'Lista de Precios'!$A:$H,6,0),"")) | G15: =IF($A15="","",IFERROR(VLOOKUP($A15,'Lista de Precios'!$A:$H,7,0),"")) | H15: =IF($A15="","",IFERROR(VLOOKUP($A15,'Lista de Precios'!$A:$H,8,0),""))

Sheet Tabla Equiv
A1: COD | B1: EQUIV_1 | C1: EQUIV_2 | D1: EQUIV_3 | E1: EQUIV_4 | F1: EQUIV_5 | G1: EQUIV_6 | H1: EQUIV_7 | I1: EQUIV_8
A2: CE 044 | B2: CE 301
A3: CE 046 | B3: CF 021
A4: CE 223 | B4: CF 033
A5: CE 225 | B5: CE 226
A6: CE 226 | B6: CE 225
A7: CE 301 | B7: CE 044
A8: CF 001 | B8: CF 589
A9: CF 002 | B9: CF 590 | C9: CF 591
A10: CF 003 | B10: CF 586
A11: CF 012 | B11: CF 671
A12: CF 013 | B12: CF 506
A13: CF 016 | B13: CF 604 | C13: CF 610
A14: CF 019 | B14: CF 656
A15: CF 020 | B15: CF 731 | C15: CF 887 | D15: CF 972
A16: CF 021 | B16: CE 046
A17: CF 033 | B17: CE 223
A18: CF 040 | B18: CF 763
A19: CF 042 | B19: CF 711
A20: CF 055 | B20: CF 241 | C20: CF 665 | D20: CF 674 | E20: CF 701 | F20: CF 759 | G20: CF 850 | H20: CF 889 | I20: CF 950 | J20: CF 990
A21: CF 057 | B21: CF 062
A22: CF 058 | B22: CF 620
A23: CF 062 | B23: CF 057
A24: CF 066 | B24: CF 605
A25: CF 098 | B25: CF 623
A26: CF 116 | B26: CF 705
A27: CF 181 | B27: CF 608
A28: CF 192 | B28: CF 606
A29: CF 241 | B29: CF 055 | C29: CF 665 | D29: CF 674 | E29: CF 701 | F29: CF 759 | G29: CF 850 | H29: CF 889 | I29: CF 950 | J29: CF 990
A30: CF 252 | B30: CF 654 | C30: CF 702 | D30: CF 851
A31: CF 402 | B31: CF 556
A32: CF 499 | B32: CF 703 | C32: CF 852
A33: CF 500 | B33: CF 502 | C33: CF 504 | D33: CF 853
A34: CF 502 | B34: CF 500 | C34: CF 504 | D34: CF 853
A35: CF 503 | B35: CF 588 | C35: CF 611
A36: CF 504 | B36: CF 500 | C36: CF 502 | D36: CF 853
A37: CF 505 | B37: CF 650 | C37: CF 753
A38: CF 506 | B38: CF 013
A39: CF 507 | B39: CF 635
A40: CF 508 | B40: CF 758
A41: CF 509 | B41: CF 551 | C41: CF 757 | D41: CF 767
A42: CF 551 | B42: CF 509 | C42: CF 757 | D42: CF 767
A43: CF 552 | B43: CF 730
A44: CF 556 | B44: CF 402
A45: CF 586 | B45: CF 003
A46: CF 588 | B46: CF 503 | C46: CF 611
A47: CF 589 | B47: CF 001
A48: CF 590 | B48: CF 002 | C48: CF 591
A49: CF 591 | B49: CF 002 | C49: CF 590
A50: CF 603 | B50: CF 619
A51: CF 604 | B51: CF 016 | C51: CF 610
A52: CF 605 | B52: CF 066
A53: CF 606 | B53: CF 192
A54: CF 608 | B54: CF 181
A55: CF 610 | B55: CF 016 | C55: CF 604
A56: CF 611 | B56: CF 503 | C56: CF 588
A57: CF 619 | B57: CF 603
A58: CF 620 | B58: CF 058
A59: CF 623 | B59: CF 098
A60: CF 635 | B60: CF 651
A61: CF 649 | B61: CF 712 | C61: CF 917
A62: CF 650 | B62: CF 505 | C62: CF 753
A63: CF 651 | B63: CF 635
A64: CF 652 | B64: CF 764
A65: CF 653 | B65: CF 885
A66: CF 654 | B66: CF 252 | C66: CF 702 | D66: CF 851
A67: CF 656 | B67: CF 019
A68: CF 665 | B68: CF 055 | C68: CF 241 | D68: CF 674 | E68: CF 701 | F68: CF 759 | G68: CF 850 | H68: CF 889 | I68: CF 950 | J68: CF 990
A69: CF 666 | B69: CF 769 | C69: CF 886 | D69: CF 888
A70: CF 671 | B70: CF 012
A71: CF 674 | B71: CF 055 | C71: CF 241 | D71: CF 665 | E71: CF 701 | F71: CF 759 | G71: CF 850 | H71: CF 889 | I71: CF 950 | J71: CF 990
A72: CF 701 | B72: CF 055 | C72: CF 241 | D72: CF 665 | E72: CF 674 | F72: CF 759 | G72: CF 850 | H72: CF 889 | I72: CF 950 | J72: CF 990
A73: CF 702 | B73: CF 252 | C73: CF 654 | D73: CF 851
A74: CF 703 | B74: CF 499 | C74: CF 852
A75: CF 705 | B75: CF 116
A76: CF 711 | B76: CF 042
A77: CF 712 | B77: CF 649 | C77: CF 917
A78: CF 730 | B78: CF 552
A79: CF 731 | B79: CF 020 | C79: CF 887 | D79: CF 972
A80: CF 751 | B80: CF 970
A81: CF 753 | B81: CF 505 | C81: CF 650
A82: CF 757 | B82: CF 509 | C82: CF 551 | D82: CF 767
A83: CF 758 | B83: CF 508
A84: CF 759 | B84: CF 055 | C84: CF 241 | D84: CF 665 | E84: CF 674 | F84: CF 701 | G84: CF 850 | H84: CF 889 | I84: CF 950 | J84: CF 990
A85: CF 763 | B85: CF 040
A86: CF 764 | B86: CF 652
A87: CF 766 | B87: CF 900
A88: CF 767 | B88: CF 509 | C88: CF 551 | D88: CF 757
A89: CF 769 | B89: CF 666 | C89: CF 886 | D89: CF 888
A90: CF 850 | B90: CF 055 | C90: CF 241 | D90: CF 665 | E90: CF 674 | F90: CF 701 | G90: CF 759 | H90: CF 889 | I90: CF 950 | J90: CF 990
A91: CF 851 | B91: CF 252 | C91: CF 654 | D91: CF 702
A92: CF 852 | B92: CF 499 | C92: CF 703
A93: CF 853 | B93: CF 500 | C93: CF 502 | D93: CF 504
A94: CF 881 | B94: CF 954
A95: CF 885 | B95: CF 653
A96: CF 886 | B96: CF 666 | C96: CF 769 | D96: CF 888
A97: CF 887 | B97: CF 020 | C97: CF 731 | D97: CF 972
A98: CF 888 | B98: CF 666 | C98: CF 769 | D98: CF 886
A99: CF 889 | B99: CF 055 | C99: CF 241 | D99: CF 665 | E99: CF 674 | F99: CF 701 | G99: CF 759 | H99: CF 850 | I99: CF 950 | J99: CF 990
A100: CF 900 | B100: CF 766
...

Sheet Lista de Precios
A1: COD | B1: TERMINAL | C1: ESP | D1: ANCH | E1: LARG | F1: MARCA | G1: MODELOS Y APLICACIONES | H1: PRECIO UNIT | I1: TIENE EQUIV.
A2: CC 101 | C2: 4.5 | D2: 8 | E2: 13 | F2: COBREADOS | G2: ATORNILLADOR BOSCH GSR 180 | H2: 12188
A3: CC 102 | C3: 3 | D3: 10 | E3: 13 | F3: COBREADOS | G3: ATORNILLADOR MAKITA CB 440 | H3: 9603
A4: CF 001 | B4: 1 | C4: 6 | D4: 9 | E4: 25 | F4: DOWEN PAGGIO | G4: LIJADORAS - PULIDORAS LIXA | H4: 3762 | I4: SI
A5: CF 002 | B5: 10 | C5: 6 | D5: 9 | E5: 20 | F5: DOWEN PAGGIO | G5: TALADROS MARK- NIG- NTX- LO- LV | H5: 3542 | I5: SI
A6: CF 003 | B6: 10 | C6: 5.6 | D6: 5.6 | E6: 16 | F6: DOWEN PAGGIO | G6: TALADROS MINI 8 Y 10- N 210/ 213/ 210 E/ 213 E/ 213 B | H6: 2783 | I6: SI
A7: CF 004 | B7: 10 | C7: 5 | D7: 7 | E7: 18 | F7: DOWEN PAGGIO | G7: RR | H7: 3762
A8: CF 005 | B8: 1 | C8: 6 | D8: 12 | E8: 20 | F8: DOWEN PAGGIO | G8: AMOL. 7"- MOD. AL 180 | H8: 5588
A9: CF 009 | B9: 5 | C9: 6.3 | D9: 6.3 | E9: 15 | F9: BLACK Y DECKER | G9: LINEA 700- TALADROS- CAL 2301/ 2303 LIJADORA/ TAL. VARIOS | H9: 2530
A10: CF 010 | B10: 5 | C10: DIAM | D10: 6 | E10: 15 | F10: BLACK Y DECKER | G10: TALADROS LINEA AR | H10: 3278
A11: CF 011 | B11: 7 | C11: 6.3 | D11: 6.3 | E11: 13 | F11: BLACK Y DECKER | G11: AMOL. 4 1/2 "- SAG 500- CALADORA M 531 | H11: 3278
A12: CF 012 | B12: 9 | C12: 6.3 | D12: 8 | E12: 15 | F12: BLACK Y DECKER | G12: AMOLADORA DE 4 1/2 " P5432- P 5411 C / GUIA | H12: 3377 | I12: SI
A13: CF 012 | B13: 9 | C13: 6.3 | D13: 8 | E13: 15 | F13: BLACK Y DECKER | G13: KG 11/ KG75 (CON AVISO DE DESGASTE) | H13: 3377 | I13: SI
A14: CF 013 | B14: 7 | C14: 6.3 | D14: 9.3 | E14: 14 | F14: BLACK Y DECKER | G14: SIERRA CIRCULAR DE 7 1/4 " Y 9" | H14: 2200 | I14: SI
A15: CF 014 | B15: 1 | C15: 7 | D15: 12 | E15: 26 | F15: BLACK Y DECKER | G15: AMOLADORAS SMEA DE 7 " Y 9" | H15: 5500
A16: CF 015 | B16: 1 | C16: 6 | D16: 12 | E16: 21 | F16: BLACK Y DECKER | G16: AMOLADORA AG/C- AMOL. 7" HD 2180- AMOL. 9" HD 2230 | H16: 5588
A17: CF 016 | B17: 15 | C17: 6.3 | D17: 16 | E17: 22 | F17: BOSCH | G17: AMOLADORAS 7" Y 9" - MOD. 1321/ 2 - 1331/ 2 CON AVISO DE DESGASTE | H17: 5643 | I17: SI
A18: CF 017 | B18: 2 | C18: 5 | D18: 8 | E18: 17 | F18: BOSCH | G18: AMOL 41/2¨ GWS 6-115/GWS 7-115/GWS 7-115ET/GWS 8-115 (CON AVISO DE DESGASTE) | H18: 3762
A19: CF 018 | B19: 11 | C19: 6 | D19: 14 | E19: 20 | F19: BOSCH | G19: AMOL. DE 7" Y 9"- MOD. ALEMAN 1307/ 1309 | H19: 4796
A20: CF 019 | B20: 10 | C20: 5 | D20: 8 | E20: 17 | F20: BOSCH | G20: TALADROS MOD. 1106/ 350/ GBM 10/ 13 RB/ 1163/ 1171/ 1184/ 11226 | H20: 3542 | I20: SI
A21: CF 020 | B21: 2 | C21: 6.3 | D21: 16 | E21: 22 | F21: BOSCH | G21: AMOL. 7 y 9" GWS 22-10/22-230/GWS 24-180/24-230/GWS 26-180(CON AVISO) | H21: 5643 | I21: SI
A22: CF 021 | B22: 10 | C22: 6.3 | D22: 6.3 | E22: 16 | F22: BOSCH | G22: TAL. PER. 13- MOD. 3161/ 3238/ 1169 CAL. PST 54 PE | H22: 3278 | I22: SI
A23: CF 022 | B23: 15 | C23: 6.3 | D23: 10 | E23: 17 | F23: BOSCH | G23: MARTILLO MODELO 11205 CON AVISO | H23: 3542
A24: CF 023 | B24: 14 | C24: 6.3 | D24: 12.3 | E24: 19 | F24: BOSCH | G24: LIJADORA MOD. 1317 | H24: 4554
A25: CF 023 | B25: 14 | C25: 6.3 | D25: 12.3 | E25: 19 | F25: BOSCH | G25: CON AVISO DE DESGASTE | H25: 4554
A26: CF 024 | B26: 18 | C26: 6 | D26: 6 | E26: 16 | F26: BOSCH | G26: AMOL. DE 4 1/2" - MOD. 1327 | H26: 3278
A27: CF 025 | B27: 16 | C27: 6.5 | D27: 8 | E27: 17 | F27: BOSCH | G27: TALADRO ROTOPERCUTOR MOD. 0173/ 1111 | H27: 3278
A28: CF 027 | B28: 10 | C28: 6 | D28: 9 | E28: 27 | F28: DOVER | G28: LIJADORA- PULIDORA | H28: 5005
A29: CF 028 | B29: 1 | C29: 6 | D29: 12 | E29: 27 | F29: DOVER | G29: AMOLADORA DE 7 Y 9- LINEA 80 | H29: 5588
A30: CF 029 | B30: 1 | C30: 6.4 | D30: 16 | E30: 20 | F30: DOVER | G30: AMOLADORA DE 7 Y 9- LINEA 90 | H30: 5181
A31: CF 030 | B31: 5 | C31: 6 | D31: 6 | E31: 12 | F31: DOVER | G31: AMOLADORA DE 4 (MODELO VIEJO) | H31: 2530
A32: CF 031 | B32: 10 | C32: 6 | D32: 6 | E32: 18 | F32: DOVER | G32: AMOLADORA DE 4 (MODELO NUEVO) | H32: 3278
A33: CF 033 | B33: 5 | C33: 4 | D33: 5 | E33: 15 | F33: DREMEL | G33: MINITORNO | H33: 4235 | I33: SI
A34: CF 034 | B34: 5 | C34: 4 | D34: 4 | E34: 12 | F34: DRILL - MET | G34: MINI DRIL | H34: 4235
A35: CF 035 | B35: 7 | C35: 5 | D35: 7 | E35: 19 | F35: DRILL - MET | G35: TORNO 1/4" | H35: 4235
A36: CF 036 | B36: 7 | C36: 5 | D36: 7 | E36: 13 | F36: DRILL - MET | G36: TORNO 1/8" | H36: 4235
A37: CF 040 | B37: 1 | C37: 7 | D37: 17 | E37: 17 | F37: HITACHI | G37: PDM 180/230- PDU 180/230- DPU 180/230-PDH 180- PSU 7/8/9- PSP 9- CC 16 | H37: 5423 | I37: SI
A38: CF 041 | B38: 10 | C38: 6.5 | D38: 7.5 | E38: 13 | F38: HITACHI | G38: PDM 115.PDP 115-PDS 115- F 20- F 20 A- JH 60- JHV 60. JH 560 | H38: 2783
A39: CF 042 | B39: 1 | C39: 7 | D39: 11 | E39: 17 | F39: HITACHI | G39: SAT 180- F 30 A-SB 75- PSU 6- PS 7 B-TR 8- PR 25 B- PR 38 B | H39: 5533 | I39: SI
A40: CF 043 | B40: 10 | C40: 6 | D40: 6 | E40: 13 | F40: HITACHI | G40: FFE 20- FH 35- FSO 93 | H40: 3278
A41: CF 044 | B41: 1 | C41: 7 | D41: 13 | E41: 17 | F41: HITACHI | G41: PR50-PS11-F40/ 50-DUPN2/CS280A/350A/F50A/ P40/ CS28B/ 35B/ NUK- RN | H41: 5533
A42: CF 045 | B42: 1 | C42: 7 | D42: 15 | E42: 17 | F42: HITACHI | G42: HU 12/ 14- SR 15- PS 11- SB 110 | H42: 5533
A43: CF 053 | C43: 6 | D43: 13 | E43: 27 | F43: MAKITA | G43: MARTILLOCB175-MARTILLOHR5210-MARTILLOHR4510C-HM1214C-HM1317CB-HM1203C-HM1307CB | H43: 6325
A44: CF 054 | B44: 10 | C44: 5 | D44: 11 | E44: 15.5 | F44: MAKITA | G44: (CB303)AMOLADORA 4 1/2 9015-TALADRO6305-LIJADORA9404/9920/9927-CEPILLOMKPO83 | H44: 3718
A45: CF 055 | B45: 1 | C45: 5 | D45: 8 | E45: 12 | F45: MAKITA | G45: (CB55)CORTACERCO UH4500/UH6300-TALADRO6300-4/6300T/6701B-AMOLAD.4 1/2 9500 N | H45: 5170 | I45: SI
A46: CF 056 | B46: 1 | C46: 7 | D46: 18 | E46: 16 | F46: MAKITA | G46: (CB203) AMOL. DE 7" Y 9" GA 7020/70405/9067/9069/9049 -SIERRA 2414 NB | H46: 5687
A47: CF 057 | B47: 1 | C47: 6.3 | D47: 13.3 | E47: 18 | F47: MAKITA | G47: (CB155)MARTILLO10KG1202/HM1301/HR4500/HR5000-AMOL7"/9"9609-SIERRA CIR.5007/5700 | H47: 5687 | I47: SI
A48: CF 058 | B48: 1 | C48: 6.5 | D48: 16 | E48: 16 | F48: MARTINS | G48: AMOL. MP 9007/ 9009/ 9700/ 9900- MPRA 9700/ 9900 | H48: 5181 | I48: SI
A49: CF 059 | B49: 10 | C49: 6 | D49: 6 | E49: 17 | F49: MARTINS | G49: AMOL. MP 635- MS 9004/ 9400/ 9450- CALAD. MC 2000/3000- LIJ. MH 40 | H49: 3278
A50: CF 060 | B50: 5 | C50: 6 | D50: 6 | E50: 16 | F50: MARTINS | G50: TAL. ML 5/ 5N/ NB/ NBA/ NA- M510/ 510 V/ 513- MP 10 N2/ 13 MZA | H50: 2530
A51: CF 061 | B51: 1 | C51: 6 | D51: 9 | E51: 22 | F51: MARTINS | G51: LIJADORAS MHV2- MH24/ 35/ 45. TALADRO PESADO ME 5- MI | H51: 3762
A52: CF 062 | B52: 1 | C52: 6.3 | D52: 13.3 | E52: 18 | F52: MARTINS | G52: CB 152- AMOLADORA MS 8007 | H52: 5687 | I52: SI
A53: CF 063 | B53: 1 | C53: 6 | D53: 9 | E53: 15 | F53: MARTINS | G53: SIERRA CIRCULAR 7" MY 184 | H53: 2783
A54: CF 066 | B54: 9 | C54: 6 | D54: 8 | E54: 17 | F54: METABO | G54: 113-AMOL 4 1/2"- 6112/ 6114/ 6114S/ 7126/ 7117/ GS 7141/ EWE 9125- LF 714 | H54: 3861 | I54: SI
A55: CF 066 | B55: 9 | C55: 6 | D55: 8 | E55: 17 | F55: METABO | G55: CON AVISO DESGASTE | H55: 3861 | I55: SI
A56: CF 067 | B56: 18 | C56: 8 | D56: 13.9 | E56: 18 | F56: METABO | G56: 084-AMOL. 7 Y 9"-1917/ 1929/ 2118/ 2123/ 1923/ 19180/ 19230/ 20180/ 21230 | H56: 5060
A57: CF 067 | B57: 18 | C57: 8 | D57: 13.9 | E57: 18 | F57: METABO | G57: CON AVISO DE DESGASTE | H57: 5060
A58: CF 068 | B58: 7 | C58: 5.5 | D58: 5.5 | E58: 12 | F58: PEUGEOT | G58: TAL. 10 MOD. PC 400 ER -PC 402 P- LIJ. ORB. PV 240- CORT. CERC.JH 42 F | H58: 1639
A59: CF 069 | B59: 7 | C59: 6 | D59: 8 | E59: 15 | F59: PEUGEOT | G59: TAL. 16 MOD. PC 1010 RCA- AMOL. ANG. 115 AM | H59: 1760
A60: CF 070 | B60: 15 | C60: 9 | D60: 13.9 | E60: 22 | F60: PEUGEOT | G60: AMOL. ANG. 7" MOD. 180 MA Y 9" MOD. 230 MA | H60: 6083
A61: CF 094 | B61: 5 | C61: 6 | D61: 7 | E61: 12 | F61: SKIL | G61: GARLOPA 944- TAL. 6432/ 6634- LIJ. ORB. 663- LIJ. BANDA 7313 | H61: 1760
A62: CF 095 | B62: 5 | C62: 4.8 | D62: 6.3 | E62: 15 | F62: SKIL | G62: TAL. 503/ 541/ 560/ 569- CALADORAS 432/ 482/ 487- CORTAD. 532H/ 533H | H62: 2024
A63: CF 096 | B63: 5 | C63: 6.3 | D63: 9.5 | E63: 13 | F63: SKIL | G63: SIERRAS MOD. 538/ 574 | H63: 2134
A64: CF 097 | B64: 5 | C64: 5.9 | D64: 5.9 | E64: 14 | F64: STAYER | G64: AMOL. 4 1/2"- SA7/ SA107- SAP 55- SA 115- SA 100- W 500- L 190 | H64: 3542
A65: CF 098 | B65: 15 | C65: 6 | D65: 13.8 | E65: 22 | F65: STAYER | G65: AMOL. 7"- SA 12/ SA 12 AL/ 9"- SA 10/ SA 10 AL CON AVISO DE DESGASTE | H65: 5423 | I65: SI
A66: CF 099 | B66: 1 | C66: 8.8 | D66: 12 | E66: 22 | F66: STAYER | G66: AMOLADORAS 7" Y 9" (MODELO VIEJO) | H66: 5830
A67: CF 100 | B67: 9 | C67: 8.8 | D67: 13.8 | E67: 22 | F67: STAYER | G67: AMOLADORAS 7" Y 9" (2300 W) MOD. 295/ 297 | H67: 5764
A68: CF 114 | B68: 1 | C68: 5 | D68: 8 | E68: 9 | F68: MAKITA | G68: CB 52- AMOL DE 4 MOD. 9500 N | H68: 3278
A69: CF 115 | B69: 10 | C69: 5 | D69: 5 | E69: 10 | F69: MAKITA | G69: CB 1- CEPILLOS 1000 SB- RECTIFICADORA 903 | H69: 3278
A70: CF 116 | B70: 1 | C70: 6 | D70: 10 | E70: 15 | F70: MAKITA | G70: (CB100)MARTILLO HM810/HR2010- CEPILLO PC1100- LIJ.9924B/9741/99003-AMOL.4 1/2 9207B | H70: 5313 | I70: SI
A71: CF 118 | B71: 3 | C71: 6.25 | D71: 8 | E71: 17 | F71: METABO | G71: 067- TALADROS 621- MART. 6010/ 6018/ 6019/ 6026/ 102 | H71: 2783
A72: CF 119 | B72: 5 | C72: 5 | D72: 8 | E72: 17 | F72: METABO | G72: 123/ 126/ 125- TALADROS- BE 250- SR 356- SXE 125-SBE 540/550 | H72: 2783
A73: CF 178 | B73: 1 | C73: 7 | D73: 10.5 | E73: 17 | F73: DE WALT | G73: LUSTRALIJADORA WP 849X | H73: 3542
A74: CF 179 | B74: 7 | C74: 6.5 | D74: 8 | E74: 14 | F74: DE WALT | G74: DWE 508 NUEVO-ATORNILLADOR 255-268 DWD 024 | H74: 2530
A75: CF 180 | B75: 13 | C75: 6.5 | D75: 12 | E75: 14 | F75: DE WALT | G75: AMOLADORA DWE 4212/4214 | H75: 4554
A76: CF 181 | B76: 13 | C76: 6.5 | D76: 8 | E76: 17 | F76: DE WALT | G76: AMOLADORA ANGULAR 4 1/2 MOD.4020 | H76: 3905 | I76: SI
A77: CF 183 | B77: 2 | C77: 6 | D77: 15.5 | E77: 26 | F77: DE WALT | G77: D28490/D28491/D28496/D28474W/D28476W/D28494M/D28496M(CON AVISO DE DESGASTE) | H77: 5830
A78: CF 184 | B78: 14 | C78: 6 | D78: 9 | E78: 14 | F78: DE WALT | H78: 3542
A79: CF 185 | B79: 20 | C79: 6.15 | D79: 9.9 | E79: 18.3 | F79: DE WALT | G79: DW 861 CORTADORA DE HORMIGON CON AVISO DE DESGASTE | H79: 5313
A80: CF 186 | B80: 2 | C80: 5.2 | D80: 9.4 | E80: 18 | F80: DE WALT | G80: CON AVISO DE DESGASTE | H80: 4070
A81: CF 187 | B81: 14 | C81: 5 | D81: 9.5 | E81: 13 | F81: DE WALT | G81: D25103/D25013K/D25113//D25123K/D25303/D25124K/D25313K/D25114K(CON AVISO DESG.) | H81: 3542
A82: CF 188 | B82: 2 | C82: 5.9 | D82: 9.9 | E82: 23 | F82: DE WALT | G82: CON AVISO DE DESGASTE DW621 FRESADORA | H82: 5302
A83: CF 189 | B83: 9 | C83: 6 | D83: 10 | E83: 13 | F83: DE WALT | G83: D28111/D28112/D28136AR/D28143/D28136/D28114 (CON AVISO DE DESGASTE) | H83: 3762
A84: CF 190 | B84: 8 | C84: 6 | D84: 7 | E84: 14 | F84: DE WALT | G84: DW402/DW411/DW412/DW421/LIJADORA D26441/D26451/CAL. DW313/318/317/331/433 | H84: 3762
A85: CF 191 | B85: 14 | C85: 6.3 | D85: 16 | E85: 24 | F85: DE WALT | G85: DW476/DWDW848/DW852/DW498/DW849/DW478/DW492/DW852/DW892(CON AVISO DESG.) | H85: 5588
A86: CF 192 | B86: 9 | C86: 6.3 | D86: 8 | E86: 14 | F86: DE WALT | G86: AMOL. ANGULAR 4 1/2"- DW 448- DW 816- LIJ. / DW 848 /AM DW 818 900W | H86: 3366 | I86: SI
A87: CF 192 | B87: 9 | C87: 6.3 | D87: 8 | E87: 14 | F87: DE WALT | G87: CON AVISO DESGASTE | H87: 3366 | I87: SI
A88: CF 193 | B88: 8 | C88: 6.3 | D88: 6.3 | E88: 13 | F88: DE WALT | G88: TALADROSDW502/DW502K/DW107/DW508S/DW508SK/DW507/DW503/DW505/512/210G/130V | H88: 3542
A89: CF 194 | B89: 8 | C89: 6 | D89: 7 | E89: 16 | F89: DE WALT | G89: TALADRO PERCUTOR-. DW 501/ 503/ 508 - 507 TP 10/ 13 mm. | H89: 4884
A90: CF 195 | B90: 14 | C90: 6.3 | D90: 12.5 | E90: 24 | F90: DE WALT | G90: CON AVISO DESGASTE | H90: 5588
A91: CF 196 | B91: 8 | C91: 6 | D91: 7 | E91: 18 | F91: DE WALT | G91: CON AVISO DE DESGASTE | H91: 4884
A92: CF 197 | B92: 1 | C92: 7 | D92: 11 | E92: 18 | F92: DE WALT | G92: CORTADORA DE CEMENTO DW 301 3062 | H92: 5533
A93: CF 198 | B93: 1 | C93: 6.5 | D93: 14 | E93: 20 | F93: DE WALT | G93: CPRTADORA SENSITIVA DW 870 TRAZADORA 14" | H93: 5060
A94: CF 241 | B94: 1 | C94: 5 | D94: 8 | E94: 12 | F94: COBRA | G94: AMOL.ANGULAR 4 1/2"- MOD. SIM 115 - SPRO/ BPRO | H94: 2530 | I94: SI
A95: CF 242 | B95: 10 | C95: 6 | D95: 10 | E95: 26 | F95: COBRA | G95: LLUSTRALIJADORA MOD. LL 180 - AMOL.7 " -SIM 180 | H95: 5060
A96: CF 243 | B96: 1 | C96: 8 | D96: 12 | E96: 27 | F96: COBRA | G96: CORTADORA SENSITIVA MOD. CO 355 | H96: 5302
A97: CF 250 | B97: 10 | C97: 4.9 | D97: 7.9 | E97: 11.3 | F97: VERSA | G97: TALADRO DE MANO MOD KPHDO 306 380W | H97: 2255
A98: CF 251 | B98: 1 | C98: 4.9 | D98: 7.9 | E98: 11.6 | F98: VERSA | G98: TALADRO DEIMPACTO VELOCIDAD VARIABLE MOD KPIDO 807 810W | H98: 2530
A99: CF 252 | B99: 10 | C99: 5 | D99: 8 | E99: 12 | F99: VERSA | G99: TALADRO MANO VELOCIDAD VARIABLE MOD KPIDO 507 550W | H99: 2376 | I99: SI
A100: CF 253 | B100: 10 | C100: 4.85 | D100: 7.85 | E100: 12.5 | F100: VERSA | G100: AMOLADORA ANGULAR MOD KPAGO 507 500W/ KPAGO 705 750W | H100: 2299
...
